{
  "nodes": {
    "0": {
      "index": 0.0,
      "kappa": 28.7998,
      "theta": 6.143680000000001,
      "r": 4.6643300000000005
    },
    "1": {
      "index": 1.0,
      "kappa": 9.71306,
      "theta": 5.8791199999999995,
      "r": 6.83812
    },
    "2": {
      "index": 2.0,
      "kappa": 17.09,
      "theta": 4.42448,
      "r": 5.708080000000001
    },
    "3": {
      "index": 3.0,
      "kappa": 5.9433300000000004,
      "theta": 5.639469999999999,
      "r": 7.820530000000001
    },
    "4": {
      "index": 4.0,
      "kappa": 3.34835,
      "theta": 0.787669,
      "r": 8.96813
    },
    "5": {
      "index": 5.0,
      "kappa": 3.5997,
      "theta": 0.994717,
      "r": 8.823369999999999
    },
    "6": {
      "index": 6.0,
      "kappa": 3.90513,
      "theta": 1.0157399999999999,
      "r": 8.66049
    },
    "7": {
      "index": 7.0,
      "kappa": 4.31232,
      "theta": 6.08501,
      "r": 8.462110000000001
    },
    "8": {
      "index": 8.0,
      "kappa": 5.76694,
      "theta": 4.67018,
      "r": 7.880780000000001
    },
    "9": {
      "index": 9.0,
      "kappa": 1.8654400000000002,
      "theta": 4.32503,
      "r": 10.1381
    },
    "10": {
      "index": 10.0,
      "kappa": 3.54627,
      "theta": 0.731323,
      "r": 8.85328
    },
    "11": {
      "index": 11.0,
      "kappa": 0.549763,
      "theta": 6.2247699999999995,
      "r": 12.5816
    },
    "12": {
      "index": 12.0,
      "kappa": 1.17943,
      "theta": 5.70184,
      "r": 11.055
    },
    "13": {
      "index": 13.0,
      "kappa": 5.15033,
      "theta": 5.5759099999999995,
      "r": 8.10694
    },
    "14": {
      "index": 14.0,
      "kappa": 1.14646,
      "theta": 3.4080699999999995,
      "r": 11.1117
    },
    "15": {
      "index": 15.0,
      "kappa": 0.8419969999999999,
      "theta": 3.50905,
      "r": 11.729000000000001
    },
    "16": {
      "index": 16.0,
      "kappa": 1.0861100000000001,
      "theta": 0.989283,
      "r": 11.2199
    },
    "17": {
      "index": 17.0,
      "kappa": 1.04077,
      "theta": 5.9216,
      "r": 11.3051
    },
    "18": {
      "index": 18.0,
      "kappa": 1.2990000000000002,
      "theta": 3.63501,
      "r": 10.8619
    },
    "19": {
      "index": 19.0,
      "kappa": 3.76856,
      "theta": 0.09016030000000001,
      "r": 8.73168
    },
    "20": {
      "index": 20.0,
      "kappa": 1.4930299999999999,
      "theta": 3.3270199999999996,
      "r": 10.5834
    },
    "21": {
      "index": 21.0,
      "kappa": 1.1427399999999999,
      "theta": 5.8303,
      "r": 11.1182
    },
    "22": {
      "index": 22.0,
      "kappa": 0.8594350000000001,
      "theta": 3.23749,
      "r": 11.687999999999999
    },
    "23": {
      "index": 23.0,
      "kappa": 6.0976,
      "theta": 2.4926,
      "r": 7.76928
    },
    "24": {
      "index": 24.0,
      "kappa": 2.3858,
      "theta": 2.00064,
      "r": 9.646
    },
    "25": {
      "index": 25.0,
      "kappa": 2.33468,
      "theta": 1.98743,
      "r": 9.68932
    },
    "26": {
      "index": 26.0,
      "kappa": 1.6470799999999999,
      "theta": 2.84535,
      "r": 10.3871
    },
    "27": {
      "index": 27.0,
      "kappa": 4.6931400000000005,
      "theta": 2.45043,
      "r": 8.292860000000001
    },
    "28": {
      "index": 28.0,
      "kappa": 3.80661,
      "theta": 1.8025400000000003,
      "r": 8.71159
    },
    "29": {
      "index": 29.0,
      "kappa": 4.08948,
      "theta": 2.8317799999999997,
      "r": 8.56823
    },
    "30": {
      "index": 30.0,
      "kappa": 4.25403,
      "theta": 4.7554300000000005,
      "r": 8.48933
    },
    "31": {
      "index": 31.0,
      "kappa": 6.30258,
      "theta": 1.9365599999999998,
      "r": 7.70315
    },
    "32": {
      "index": 32.0,
      "kappa": 18.0425,
      "theta": 3.50156,
      "r": 5.5996
    },
    "33": {
      "index": 33.0,
      "kappa": 29.5671,
      "theta": 3.54109,
      "r": 4.61174
    }
  },
  "edges": {
    "0": {
      "source": 0,
      "target": 1
    },
    "1": {
      "source": 0,
      "target": 2
    },
    "2": {
      "source": 0,
      "target": 3
    },
    "3": {
      "source": 0,
      "target": 4
    },
    "4": {
      "source": 0,
      "target": 5
    },
    "5": {
      "source": 0,
      "target": 6
    },
    "6": {
      "source": 0,
      "target": 7
    },
    "7": {
      "source": 0,
      "target": 8
    },
    "8": {
      "source": 0,
      "target": 10
    },
    "9": {
      "source": 0,
      "target": 11
    },
    "10": {
      "source": 0,
      "target": 12
    },
    "11": {
      "source": 0,
      "target": 13
    },
    "12": {
      "source": 0,
      "target": 17
    },
    "13": {
      "source": 0,
      "target": 19
    },
    "14": {
      "source": 0,
      "target": 21
    },
    "15": {
      "source": 0,
      "target": 31
    },
    "16": {
      "source": 1,
      "target": 0
    },
    "17": {
      "source": 1,
      "target": 2
    },
    "18": {
      "source": 1,
      "target": 3
    },
    "19": {
      "source": 1,
      "target": 7
    },
    "20": {
      "source": 1,
      "target": 13
    },
    "21": {
      "source": 1,
      "target": 17
    },
    "22": {
      "source": 1,
      "target": 19
    },
    "23": {
      "source": 1,
      "target": 21
    },
    "24": {
      "source": 1,
      "target": 30
    },
    "25": {
      "source": 2,
      "target": 0
    },
    "26": {
      "source": 2,
      "target": 1
    },
    "27": {
      "source": 2,
      "target": 3
    },
    "28": {
      "source": 2,
      "target": 7
    },
    "29": {
      "source": 2,
      "target": 8
    },
    "30": {
      "source": 2,
      "target": 9
    },
    "31": {
      "source": 2,
      "target": 13
    },
    "32": {
      "source": 2,
      "target": 27
    },
    "33": {
      "source": 2,
      "target": 28
    },
    "34": {
      "source": 2,
      "target": 32
    },
    "35": {
      "source": 3,
      "target": 0
    },
    "36": {
      "source": 3,
      "target": 1
    },
    "37": {
      "source": 3,
      "target": 2
    },
    "38": {
      "source": 3,
      "target": 7
    },
    "39": {
      "source": 3,
      "target": 12
    },
    "40": {
      "source": 3,
      "target": 13
    },
    "41": {
      "source": 4,
      "target": 0
    },
    "42": {
      "source": 4,
      "target": 6
    },
    "43": {
      "source": 4,
      "target": 10
    },
    "44": {
      "source": 5,
      "target": 0
    },
    "45": {
      "source": 5,
      "target": 6
    },
    "46": {
      "source": 5,
      "target": 10
    },
    "47": {
      "source": 5,
      "target": 16
    },
    "48": {
      "source": 6,
      "target": 0
    },
    "49": {
      "source": 6,
      "target": 4
    },
    "50": {
      "source": 6,
      "target": 5
    },
    "51": {
      "source": 6,
      "target": 16
    },
    "52": {
      "source": 7,
      "target": 0
    },
    "53": {
      "source": 7,
      "target": 1
    },
    "54": {
      "source": 7,
      "target": 2
    },
    "55": {
      "source": 7,
      "target": 3
    },
    "56": {
      "source": 8,
      "target": 0
    },
    "57": {
      "source": 8,
      "target": 2
    },
    "58": {
      "source": 8,
      "target": 30
    },
    "59": {
      "source": 8,
      "target": 32
    },
    "60": {
      "source": 8,
      "target": 33
    },
    "61": {
      "source": 9,
      "target": 2
    },
    "62": {
      "source": 9,
      "target": 33
    },
    "63": {
      "source": 10,
      "target": 0
    },
    "64": {
      "source": 10,
      "target": 4
    },
    "65": {
      "source": 10,
      "target": 5
    },
    "66": {
      "source": 11,
      "target": 0
    },
    "67": {
      "source": 12,
      "target": 0
    },
    "68": {
      "source": 12,
      "target": 3
    },
    "69": {
      "source": 13,
      "target": 0
    },
    "70": {
      "source": 13,
      "target": 1
    },