{
  "nodes": {
    "0": {
      "index": 0.0,
      "kappa": 28.897,
      "theta": 2.31279,
      "r": 3.93635
    },
    "1": {
      "index": 1.0,
      "kappa": 9.821539999999999,
      "theta": 1.6091,
      "r": 6.09467
    },
    "2": {
      "index": 2.0,
      "kappa": 15.0531,
      "theta": 0.640482,
      "r": 5.24065
    },
    "3": {
      "index": 3.0,
      "kappa": 5.92762,
      "theta": 1.80728,
      "r": 7.10458
    },
    "4": {
      "index": 4.0,
      "kappa": 3.2783800000000003,
      "theta": 3.1209,
      "r": 8.28913
    },
    "5": {
      "index": 5.0,
      "kappa": 3.8824199999999998,
      "theta": 3.3822900000000002,
      "r": 7.9509
    },
    "6": {
      "index": 6.0,
      "kappa": 3.8409400000000002,
      "theta": 3.3944300000000003,
      "r": 7.972389999999999
    },
    "7": {
      "index": 7.0,
      "kappa": 3.2659,
      "theta": 1.7783200000000001,
      "r": 8.29675
    },
    "8": {
      "index": 8.0,
      "kappa": 5.02082,
      "theta": 0.814059,
      "r": 7.43664
    },
    "9": {
      "index": 9.0,
      "kappa": 1.94239,
      "theta": 0.507193,
      "r": 9.335980000000001
    },
    "10": {
      "index": 10.0,
      "kappa": 3.43145,
      "theta": 3.09717,
      "r": 8.19786
    },
    "11": {
      "index": 11.0,
      "kappa": 0.781346,
      "theta": 2.33656,
      "r": 11.1573
    },
    "12": {
      "index": 12.0,
      "kappa": 1.53437,
      "theta": 1.9194099999999998,
      "r": 9.80759
    },
    "13": {
      "index": 13.0,
      "kappa": 5.0671800000000005,
      "theta": 1.2599200000000002,
      "r": 7.418260000000001
    },
    "14": {
      "index": 14.0,
      "kappa": 1.4895100000000001,
      "theta": 5.818,
      "r": 9.86693
    },
    "15": {
      "index": 15.0,
      "kappa": 1.29094,
      "theta": 5.92483,
      "r": 10.1531
    },
    "16": {
      "index": 16.0,
      "kappa": 1.25526,
      "theta": 3.40804,
      "r": 10.2091
    },
    "17": {
      "index": 17.0,
      "kappa": 1.27688,
      "theta": 1.61885,
      "r": 10.175
    },
    "18": {
      "index": 18.0,
      "kappa": 1.2548,
      "theta": 6.03179,
      "r": 10.2099
    },
    "19": {
      "index": 19.0,
      "kappa": 2.49761,
      "theta": 1.50718,
      "r": 8.833160000000001
    },
    "20": {
      "index": 20.0,
      "kappa": 1.74994,
      "theta": 6.17406,
      "r": 9.54466
    },
    "21": {
      "index": 21.0,
      "kappa": 2.3816599999999997,
      "theta": 2.2349,
      "r": 8.928230000000001
    },
    "22": {
      "index": 22.0,
      "kappa": 0.751344,
      "theta": 5.6842,
      "r": 11.2356
    },
    "23": {
      "index": 23.0,
      "kappa": 5.71592,
      "theta": 4.60111,
      "r": 7.17731
    },
    "24": {
      "index": 24.0,
      "kappa": 2.29474,
      "theta": 4.3816,
      "r": 9.00258
    },
    "25": {
      "index": 25.0,
      "kappa": 2.31608,
      "theta": 4.3849,
      "r": 8.98407
    },
    "26": {
      "index": 26.0,
      "kappa": 1.8844299999999998,
      "theta": 5.24177,
      "r": 9.39657
    },
    "27": {
      "index": 27.0,
      "kappa": 3.84481,
      "theta": 4.51371,
      "r": 7.97037
    },
    "28": {
      "index": 28.0,
      "kappa": 3.5472099999999998,
      "theta": 4.1414,
      "r": 8.1315
    },
    "29": {
      "index": 29.0,
      "kappa": 4.33772,
      "theta": 5.21575,
      "r": 7.7291300000000005
    },
    "30": {
      "index": 30.0,
      "kappa": 3.6091,
      "theta": 0.908536,
      "r": 8.096910000000001
    },
    "31": {
      "index": 31.0,
      "kappa": 6.7342699999999995,
      "theta": 4.1872,
      "r": 6.849410000000001
    },
    "32": {
      "index": 32.0,
      "kappa": 18.0753,
      "theta": 5.91375,
      "r": 4.8747300000000005
    },
    "33": {
      "index": 33.0,
      "kappa": 28.7829,
      "theta": 5.93739,
      "r": 3.94426
    }
  },
  "edges": {
    "0": {
      "source": 0,
      "target": 1
    },
    "1": {
      "source": 0,
      "target": 2
    },
    "2": {
      "source": 0,
      "target": 3
    },
    "3": {
      "source": 0,
      "target": 4
    },
    "4": {
      "source": 0,
      "target": 5
    },
    "5": {
      "source": 0,
      "target": 6
    },
    "6": {
      "source": 0,
      "target": 7
    },
    "7": {
      "source": 0,
      "target": 8
    },
    "8": {
      "source": 0,
      "target": 10
    },
    "9": {
      "source": 0,
      "target": 11
    },
    "10": {
      "source": 0,
      "target": 12
    },
    "11": {
      "source": 0,
      "target": 13
    },
    "12": {
      "source": 0,
      "target": 17
    },
    "13": {
      "source": 0,
      "target": 19
    },
    "14": {
      "source": 0,
      "target": 21
    },
    "15": {
      "source": 0,
      "target": 31
    },
    "16": {
      "source": 1,
      "target": 0
    },
    "17": {
      "source": 1,
      "target": 2
    },
    "18": {
      "source": 1,
      "target": 3
    },
    "19": {
      "source": 1,
      "target": 7
    },
    "20": {
      "source": 1,
      "target": 13
    },
    "21": {
      "source": 1,
      "target": 17
    },
    "22": {
      "source": 1,
      "target": 19
    },
    "23": {
      "source": 1,
      "target": 21
    },
    "24": {
      "source": 1,
      "target": 30
    },
    "25": {
      "source": 2,
      "target": 0
    },
    "26": {
      "source": 2,
      "target": 1
    },
    "27": {
      "source": 2,
      "target": 3
    },
    "28": {
      "source": 2,
      "target": 7
    },
    "29": {
      "source": 2,
      "target": 8
    },
    "30": {
      "source": 2,
      "target": 9
    },
    "31": {
      "source": 2,
      "target": 13
    },
    "32": {
      "source": 2,
      "target": 27
    },
    "33": {
      "source": 2,
      "target": 28
    },
    "34": {
      "source": 2,
      "target": 32
    },
    "35": {
      "source": 3,
      "target": 0
    },
    "36": {
      "source": 3,
      "target": 1
    },
    "37": {
      "source": 3,
      "target": 2
    },
    "38": {
      "source": 3,
      "target": 7
    },
    "39": {
      "source": 3,
      "target": 12
    },
    "40": {
      "source": 3,
      "target": 13
    },
    "41": {
      "source": 4,
      "target": 0
    },
    "42": {
      "source": 4,
      "target": 6
    },
    "43": {
      "source": 4,
      "target": 10
    },
    "44": {
      "source": 5,
      "target": 0
    },
    "45": {
      "source": 5,
      "target": 6
    },
    "46": {
      "source": 5,
      "target": 10
    },
    "47": {
      "source": 5,
      "target": 16
    },
    "48": {
      "source": 6,
      "target": 0
    },
    "49": {
      "source": 6,
      "target": 4
    },
    "50": {
      "source": 6,
      "target": 5
    },
    "51": {
      "source": 6,
      "target": 16
    },
    "52": {
      "source": 7,
      "target": 0
    },
    "53": {
      "source": 7,
      "target": 1
    },
    "54": {
      "source": 7,
      "target": 2
    },
    "55": {
      "source": 7,
      "target": 3
    },
    "56": {
      "source": 8,
      "target": 0
    },
    "57": {
      "source": 8,
      "target": 2
    },
    "58": {
      "source": 8,
      "target": 30
    },
    "59": {
      "source": 8,
      "target": 32
    },
    "60": {
      "source": 8,
      "target": 33
    },
    "61": {
      "source": 9,
      "target": 2
    },
    "62": {
      "source": 9,
      "target": 33
    },
    "63": {
      "source": 10,
      "target": 0
    },
    "64": {
      "source": 10,
      "target": 4
    },
    "65": {
      "source": 10,
      "target": 5
    },
    "66": {
      "source": 11,
      "target": 0
    },
    "67": {
      "source": 12,
      "target": 0
    },
    "68": {
      "source": 12,
      "target": 3
    },
    "69": {
      "source": 13,
      "target": 0
    },
    "70": {
      "source": 13,
      "target": 1
    },
    "71": {
      "source": 13,
      "target": 2
    },
    "72": {
      "source": 13,